<?xml version="1.0" encoding="UTF-8"?>
 <beans xmlns="http://www.springframework.org/schema/beans"
       xmlns:xsi="http://www.w3.org/2001/XMLSchema-instance"
       xsi:schemaLocation="http://www.springframework.org/schema/beans
        http://www.springframework.org/schema/beans/spring-beans.xsd
		http://www.springframework.org/schema/context
		http://www.springframework.org/schema/context/spring-context.xsd"
       xmlns:context="http://www.springframework.org/schema/context">   
  
  
  	<!-- 1 -->
  		<bean id="myds1" class="org.springframework.jdbc.datasource.DriverManagerDataSource">
  			<property name="driverClassName" value="org.hsqldb.jdbc.JDBCDriver"/>
  			<property name="url" value="jdbc:hsqldb:hsql://localhost/mydb"/>
  			<property name="username" value="SA"/>
  			<property name="password" value="" />	
  		</bean>
  		
  		<bean id="myds2" class="org.springframework.jdbc.datasource.DriverManagerDataSource">
  			<property name="driverClassName" value="org.hsqldb.jdbc.JDBCDriver"/>
  			<property name="url" value="jdbc:hsqldb:hsql://localhost/xdb"/>
  			<property name="username" value="SA"/>
  			<property name="password" value="" />	
  		</bean>
  	
  		<context:component-scan base-package="com.sbi"/>
  	
<!--   		below lines are not required if @Component annotation is issued on the Employee-->

<!--   		<bean id="emp" class="com.sbi.pojo.Employee">
  		</bean>
 -->       
      
      
</beans>