<?xml version="1.0" encoding="UTF-8"?>
 <beans xmlns="http://www.springframework.org/schema/beans"
       xmlns:xsi="http://www.w3.org/2001/XMLSchema-instance"
       xsi:schemaLocation="http://www.springframework.org/schema/beans
        http://www.springframework.org/schema/beans/spring-beans.xsd
		http://www.springframework.org/schema/context
		http://www.springframework.org/schema/context/spring-context.xsd"
       xmlns:context="http://www.springframework.org/schema/context">   
  
  
  	<!-- 1 -->
  		<bean id="myds" class="org.springframework.jdbc.datasource.DriverManagerDataSource">
  			<property name="driverClassName" value="org.hsqldb.jdbc.JDBCDriver"/>
  			<property name="url" value="jdbc:hsqldb:hsql://localhost/xdb"/>
  			<property name="username" value="SA"/>
  			<property name="password" value="" />	
  		</bean>
  	
  		<!-- 2 -->
  		<bean id="deptRepo" class="com.sbi.DepartmentRepository">
  				<constructor-arg ref="myds"/>
  		</bean>
  		
  		
  		
  		
  		
       <!-- 2 -->
       <bean id="savings" 
       class="com.sbi.SavingsAccount">
       </bean>  
       
       <bean id="current" 
       class="com.sbi.CurrentAccount">
       
      	</bean>  
      	
       <bean id="myroom"  class="com.sbi.Room"  scope="prototype">
       </bean>  
       
      
       <bean id="myreception" class="com.sbi.HotelReception">
<!--        		<constructor-arg ref="myroom"></constructor-arg> -->
       		<property name="hotelReception" ref="myroom"> </property>
       </bean>  
       <!-- spring would convert this hotelReception into setHotelReception -->
       
</beans>