<?xml version="1.0" encoding="UTF-8"?>
 <beans xmlns="http://www.springframework.org/schema/beans"
       xmlns:xsi="http://www.w3.org/2001/XMLSchema-instance"
       xsi:schemaLocation="http://www.springframework.org/schema/beans
        http://www.springframework.org/schema/beans/spring-beans.xsd
		http://www.springframework.org/schema/context
		http://www.springframework.org/schema/context/spring-context.xsd"
       xmlns:context="http://www.springframework.org/schema/context">   
  
       <!-- 2 -->
       <bean id="savings" 
       class="com.sbi.SavingsAccount">
       </bean>  
       
       <bean id="current" 
       class="com.sbi.CurrentAccount">
       
      	</bean>  
      	
       <bean id="myroom"  class="com.sbi.Room"  scope="prototype">
       </bean>  
       
      
       <bean id="myreception" 
       class="com.sbi.HotelReception">
       </bean>  
       
       
</beans>